campaign_id,total_min_watched,impressions,clicks,VOD,Live_TV,Classics,Comedy,Other,Reality,News and Information,Drama,Action & Adventure,Thriller,Sci-Fi & Fantasy,Horror,Western,Documentaries,Sports,Instructional & Educational,Home & Lifestyle,Romance,Anime,Musical,Independent,Entertainment,Paranormal,Music,Gay & Lesbian,Crime,Food & Cooking,Faith & Spirituality,Game Show,Dance,Children & Family,Telenovela,Talk Show,Variety Show,War,Young Adult,None,latitude,longitude,01,02,04,06,08,1,11,12,13,35,41,62,75,8,94,A,AB,AK,AL,AR,AZ,BC,BCN,BE,BG,BW,BY,CA,CHP,CMX,CO,CT,DC,DE,DJ,ENF,ENG,FL,GA,GE,HCW,HE,HI,IA,ID,IL,IN,KN,KS,KY,L,LA,M,MA,MAN,MD,ME,MI,MN,MO,MOR,MS,MT,NC,ND,NE,NH,NJ,NL,NM,NV,NW,NY,OH,OK,ON,OR,PA,PE,PM,QC,QUE,RG,RI,SC,SD,SN,SON,SP,SRY,TA,TAM,TN,TP,TV,TX,UT,VA,VD,VE,VT,WA,WI,WV,WY,Z,ZAC,ZH,num_devices,avg_time_watched_per_device,score
campaign_id_1,3554648.0,316728.0,91713.0,0,0,16282.0,31195.0,12668.0,9547.0,14809.0,16592.0,29888.0,8759.0,16693.0,2655.0,1657.0,8846.0,4131.0,1272.0,568.0,6224.0,586.0,2074.0,2550.0,1562.0,370.0,1632.0,144.0,849.0,72.0,198.0,72.0,54.0,157.0,13.0,1.0,3.0,0.0,0.0,0.0,1780922.764928,-4335286.403544,0,0,0,0,0,0,0,0,0,0,0,0,0,0,0,0,0,62,742,311,1102,0,0,0,0,0,0,4537,0,0,646,593,188,214,0,0,0,3949,2240,0,0,0,95,381,190,1973,957,0,278,632,0,780,0,809,0,1134,117,1459,588,754,0,487,81,1970,89,211,140,1512,0,203,540,0,2961,1664,511,0,485,2200,0,0,0,0,0,163,1000,93,0,0,0,0,0,0,1126,0,0,4317,325,1323,0,0,51,880,642,196,45,0,0,0,48073,73.94271212530943,Good
campaign_id_10,659177.0,49948.0,7653.0,0,0,2207.0,6525.0,2343.0,1132.0,3068.0,2742.0,2905.0,1357.0,1891.0,475.0,263.0,1788.0,1445.0,922.0,48.0,1461.0,92.0,208.0,419.0,178.0,34.0,192.0,26.0,292.0,25.0,34.0,2.0,9.0,91.0,3.0,2.0,4.0,0.0,0.0,0.0,352915.038267,-857081.231479,0,0,0,0,0,0,0,0,0,0,0,0,0,0,0,0,0,14,148,69,196,0,0,0,0,0,0,894,0,0,156,120,38,44,0,0,0,748,432,0,0,0,13,65,35,409,201,0,57,136,0,118,0,167,0,210,18,274,137,173,0,96,16,381,14,50,27,312,0,42,111,0,536,336,101,0,102,423,0,0,0,0,0,44,205,20,0,0,0,0,0,0,243,0,0,829,63,246,0,0,15,190,138,54,4,0,0,0,9496,69.4162805391744,Fair
campaign_id_108,615897.71,38533.0,11496.0,5269,0,1184.0,2819.0,10.0,769.0,781.0,3593.0,1096.0,441.0,2195.0,386.0,121.0,1497.0,5.0,242.0,31.0,822.0,198.0,78.0,147.0,2.0,1.0,22.0,13.0,25.0,18.0,8.0,6.0,4.0,176.0,12.0,6.0,0.0,0.0,0.0,0.0,253851.179828,-620197.896964,0,0,0,0,0,0,0,0,0,0,0,0,0,0,0,0,0,21,134,104,164,0,0,0,0,0,0,492,0,0,107,72,18,27,0,0,0,534,259,0,0,0,24,101,47,218,150,0,75,124,0,79,0,83,0,118,35,180,108,168,0,106,30,272,27,50,22,166,0,60,59,0,305,241,102,0,70,284,0,0,0,0,0,27,132,26,0,0,0,0,0,0,189,0,0,584,81,189,0,0,12,127,118,57,23,0,0,0,6841,90.0303625200994,Excellent
campaign_id_109,2077710.72,125844.0,42215.0,31873,0,3323.0,5650.0,7.0,1977.0,1130.0,5587.0,24582.0,2631.0,4741.0,607.0,129.0,1655.0,9.0,352.0,43.0,1016.0,305.0,243.0,525.0,1.0,4.0,79.0,15.0,89.0,62.0,26.0,11.0,11.0,302.0,3.0,2.0,0.0,0.0,0.0,0.0,994983.002591,-2432493.088009,0,0,0,0,0,0,0,0,0,0,0,0,0,0,0,0,0,86,480,419,577,0,0,0,0,0,0,1894,0,0,403,228,57,89,0,0,0,1580,919,0,0,0,153,458,241,822,576,0,289,439,0,404,0,337,0,583,155,699,496,663,0,383,120,1175,82,233,99,708,0,201,234,0,1188,863,421,1,271,1070,0,0,0,0,0,114,639,109,0,0,0,0,0,0,724,0,0,2640,258,759,0,0,55,449,457,219,77,0,0,0,26703,77.80813841141445,Good
campaign_id_11,478164.0,30159.0,865.0,0,0,2009.0,4198.0,1491.0,1544.0,2001.0,2116.0,3847.0,918.0,2280.0,330.0,275.0,1275.0,450.0,313.0,54.0,886.0,80.0,277.0,384.0,202.0,54.0,184.0,15.0,103.0,10.0,22.0,9.0,5.0,34.0,0.0,1.0,0.0,0.0,0.0,0.0,243672.957841,-593590.552431,0,0,0,0,0,0,0,0,0,0,0,0,0,0,0,0,0,5,71,48,148,0,0,0,0,0,0,721,0,0,106,70,22,25,0,0,0,450,219,0,0,0,18,52,26,284,125,0,61,70,0,93,0,140,0,143,25,233,107,135,0,51,17,209,17,41,20,209,0,31,68,0,409,229,62,0,69,284,0,0,0,0,0,32,114,12,0,0,0,0,0,0,151,0,0,596,54,166,0,0,12,131,89,16,5,0,0,0,6503,73.52975549746272,Good
campaign_id_110,3767599.41,400938.0,215365.0,50052,0,16787.0,18472.0,108.0,9141.0,3358.0,18137.0,27053.0,6485.0,12213.0,1612.0,1407.0,7483.0,4.0,744.0,72.0,3878.0,1097.0,720.0,803.0,4.0,1.0,213.0,233.0,233.0,89.0,48.0,26.0,31.0,603.0,13.0,2.0,4.0,0.0,0.0,0.0,1631176.462907,-3990795.064595,0,0,0,0,0,0,0,0,0,0,0,0,0,0,0,0,0,121,1003,643,1021,0,0,0,0,0,0,2654,0,0,726,366,156,96,0,0,0,2763,1755,0,0,0,164,839,327,1548,988,0,450,778,0,659,0,441,0,841,204,1251,824,1093,0,493,199,1875,135,412,169,824,0,379,358,0,1752,1491,763,0,444,1754,0,0,0,0,0,139,1144,167,0,0,0,0,0,0,1297,0,0,4352,567,1220,0,0,65,745,808,374,127,0,0,0,44010,85.60780299931834,Excellent
campaign_id_111,4463070.5200000005,159482.0,19190.0,56539,0,4835.0,9188.0,100.0,3984.0,2706.0,10802.0,48807.0,4654.0,4651.0,1052.0,644.0,3693.0,10.0,492.0,80.0,2725.0,846.0,369.0,378.0,5.0,3.0,88.0,57.0,82.0,77.0,82.0,1.0,37.0,384.0,5.0,0.0,1.0,0.0,0.0,0.0,2156291.984676,-5293428.523357,0,0,0,0,0,0,0,0,0,0,0,0,0,0,0,0,0,218,1229,857,1400,0,0,0,0,0,0,4436,0,0,921,597,154,162,0,0,0,3921,2135,0,0,0,223,899,491,1790,1092,0,597,994,0,861,0,719,0,1149,285,1520,961,1381,0,773,247,2327,174,465,230,1510,0,510,501,0,2640,1880,960,0,555,2310,0,0,0,0,0,235,1385,240,0,0,0,0,0,0,1523,0,0,5658,594,1491,0,0,104,1021,907,443,150,0,0,0,58028,76.91236161852899,Good
campaign_id_112,1317931.99,96341.0,45437.0,22746,0,6960.0,5771.0,16.0,1692.0,984.0,2915.0,12026.0,880.0,2016.0,463.0,846.0,2705.0,20.0,290.0,41.0,1784.0,384.0,172.0,756.0,11.0,1.0,31.0,53.0,81.0,59.0,14.0,6.0,3.0,236.0,12.0,9.0,0.0,0.0,0.0,0.0,483060.587906,-1189925.914446,0,0,0,0,0,0,0,0,0,0,0,0,0,0,0,0,0,43,281,207,309,0,0,0,0,0,0,1044,0,0,188,125,41,32,0,0,0,918,531,0,0,0,61,199,83,451,253,0,123,217,0,186,0,157,0,238,42,360,219,318,0,231,44,519,30,116,65,303,0,96,109,0,548,429,202,0,131,514,0,0,0,0,0,64,306,43,0,0,0,0,0,0,361,0,0,1238,104,369,0,0,17,224,174,110,37,0,0,0,13068,100.85185108662381,Excellent
campaign_id_113,1612716.97,210767.0,98255.0,17924,0,7434.0,10890.0,56.0,4989.0,4088.0,8284.0,13952.0,2720.0,7004.0,1843.0,61.0,4139.0,21.0,1070.0,68.0,3512.0,743.0,1298.0,776.0,5.0,4.0,254.0,200.0,96.0,38.0,35.0,2.0,56.0,419.0,14.0,0.0,0.0,0.0,0.0,0.0,1449182.285341,-3572973.610951,0,0,0,0,0,0,0,0,0,0,0,0,0,0,0,0,0,128,925,549,938,0,0,0,0,0,0,2822,0,0,595,360,151,123,0,0,0,2577,1420,0,0,0,190,679,365,1398,840,0,376,631,0,642,0,430,0,710,203,1054,684,1015,0,548,162,1577,137,318,138,802,0,363,343,0,1557,1327,674,0,411,1434,0,0,0,0,0,136,940,135,0,0,0,0,0,0,1111,0,0,3855,424,977,0,0,53,644,679,314,112,0,0,0,39146,41.19749067593113,Fair
campaign_id_114,816525.42,59449.0,22165.0,9247,0,2261.0,4712.0,17.0,975.0,873.0,2062.0,1620.0,477.0,2100.0,1148.0,123.0,1849.0,10.0,146.0,22.0,1167.0,153.0,90.0,145.0,5.0,0.0,25.0,14.0,80.0,24.0,18.0,13.0,1.0,153.0,7.0,0.0,2.0,0.0,0.0,0.0,302090.909339,-737658.676396,0,0,0,0,0,0,0,0,0,0,0,0,0,0,0,0,0,21,163,135,203,0,0,0,0,0,0,576,0,0,130,69,22,27,0,0,0,493,293,0,0,0,37,137,76,313,187,0,95,152,0,97,0,111,0,187,36,211,119,222,0,132,34,320,26,58,35,183,0,75,63,0,329,275,132,0,84,326,0,0,0,0,0,33,165,40,0,0,0,0,0,0,202,0,0,702,93,243,0,0,16,149,142,73,25,0,0,0,8101,100.79316380693741,Excellent
campaign_id_115,253638.58,72742.0,4035.0,12998,0,2499.0,4102.0,14.0,2042.0,1499.0,3301.0,10520.0,1174.0,2356.0,782.0,16.0,1516.0,10.0,239.0,20.0,1331.0,318.0,423.0,457.0,2.0,1.0,44.0,67.0,33.0,18.0,20.0,2.0,26.0,157.0,3.0,2.0,1.0,0.0,0.0,0.0,873062.636956,-2139624.714831,0,0,0,0,0,0,0,0,0,0,0,0,0,0,0,0,0,95,488,364,582,0,0,0,0,0,0,1902,0,0,436,236,62,75,0,0,0,1511,795,0,0,0,108,417,212,732,434,0,224,346,0,311,0,285,0,444,154,621,431,534,0,303,118,919,96,205,98,597,0,207,200,0,1122,681,382,0,286,914,0,0,0,0,0,81,524,119,0,0,0,0,0,0,551,0,0,2032,250,612,0,0,38,446,418,176,83,0,0,0,23332,10.87084604834562,Poor
campaign_id_116,3051824.92,272447.0,137279.0,62279,0,9635.0,20006.0,44.0,6859.0,2697.0,9567.0,13550.0,2888.0,10186.0,1230.0,13196.0,20632.0,43.0,503.0,88.0,4796.0,568.0,593.0,800.0,4.0,6.0,90.0,53.0,244.0,1390.0,43.0,14.0,15.0,565.0,25.0,8.0,3.0,0.0,0.0,0.0,1369436.062489,-3371910.747312,0,0,0,0,0,0,0,0,0,0,0,0,0,0,0,0,0,125,746,626,922,0,0,0,0,0,0,2706,0,0,574,334,90,107,0,0,0,2156,1345,0,0,0,185,599,303,1258,798,0,396,677,0,577,0,419,0,683,184,945,607,967,0,527,171,1452,135,298,124,718,0,325,301,0,1446,1210,685,0,475,1380,0,0,0,0,0,129,868,176,0,0,0,0,0,0,1061,0,0,3469,429,1062,0,0,67,688,662,350,106,0,0,0,36806,82.9165060044558,Excellent
campaign_id_117,780804.77,50877.0,18930.0,16649,0,1291.0,4424.0,13.0,10405.0,559.0,2561.0,1827.0,400.0,840.0,263.0,82.0,1032.0,7.0,71.0,12.0,940.0,131.0,75.0,155.0,1.0,8.0,22.0,10.0,58.0,20.0,6.0,6.0,5.0,92.0,6.0,0.0,0.0,0.0,0.0,0.0,394374.955239,-960206.878388,0,0,0,0,0,0,0,0,0,0,0,0,0,0,0,0,0,31,179,154,277,0,0,0,0,0,0,833,0,0,159,116,27,24,0,0,0,635,362,0,0,0,47,170,62,356,219,0,82,163,0,146,0,151,0,214,60,302,215,270,0,119,60,395,45,90,59,266,0,82,89,0,493,366,156,0,105,450,0,0,0,0,0,44,228,35,0,0,0,0,0,0,234,0,0,942,119,256,0,0,15,230,228,77,35,0,0,0,10504,74.3340413175933,Good
campaign_id_118,34823.86,8434.0,3918.0,2505,0,275.0,508.0,0.0,123.0,133.0,239.0,2398.0,99.0,146.0,62.0,1.0,138.0,0.0,18.0,0.0,76.0,31.0,30.0,43.0,0.0,0.0,5.0,4.0,5.0,0.0,1.0,0.0,1.0,19.0,0.0,0.0,0.0,0.0,0.0,0.0,89120.470002,-218333.87465,0,0,0,0,0,0,0,0,0,0,0,0,0,0,0,0,0,5,51,24,62,0,0,0,0,0,0,187,0,0,47,22,8,11,0,0,0,157,97,0,0,0,7,32,24,79,44,0,24,35,0,35,0,30,0,40,20,75,54,74,0,19,19,87,6,28,15,54,0,27,25,0,90,64,33,0,24,111,0,0,0,0,0,5,45,10,0,0,0,0,0,0,67,0,0,222,24,52,0,0,6,34,43,18,8,0,0,0,2391,14.564558762024259,Poor
campaign_id_119,285094.85,28667.0,12283.0,6278,0,595.0,2074.0,2.0,361.0,344.0,1109.0,1745.0,292.0,2991.0,158.0,81.0,507.0,2.0,39.0,11.0,232.0,1341.0,58.0,53.0,0.0,0.0,10.0,1.0,15.0,10.0,8.0,1.0,1.0,98.0,0.0,0.0,0.0,0.0,0.0,0.0,133814.400708,-325377.147939,0,0,0,0,0,0,0,0,0,0,0,0,0,0,0,0,0,11,69,63,92,0,0,0,0,0,0,220,0,0,61,30,17,11,0,0,0,213,112,0,0,0,16,48,32,137,73,0,33,77,0,73,0,36,0,73,20,95,50,81,0,53,17,148,12,31,19,84,0,22,25,0,155,123,55,0,37,170,0,0,0,0,0,19,79,8,0,0,0,0,0,0,126,0,0,333,31,103,0,0,6,64,73,38,11,0,0,0,3596,79.28110400444938,Excellent
campaign_id_12,350535.0,42429.0,24637.0,0,0,1650.0,3308.0,1275.0,896.0,1677.0,1612.0,2207.0,1780.0,1731.0,354.0,173.0,1099.0,573.0,189.0,24.0,653.0,63.0,172.0,2366.0,196.0,31.0,221.0,10.0,85.0,30.0,29.0,11.0,4.0,10.0,4.0,0.0,1.0,0.0,0.0,0.0,172128.186136,-413485.03664,0,0,0,0,0,0,0,0,0,0,0,0,0,0,0,0,0,10,75,27,86,0,0,0,0,0,0,387,0,0,62,61,15,22,0,0,0,380,217,0,0,0,8,46,17,182,91,0,22,77,0,66,0,70,0,115,15,173,59,63,0,64,8,190,9,20,17,151,0,17,48,0,303,192,36,0,39,210,0,0,0,0,0,14,100,4,0,0,0,0,0,0,99,0,0,403,19,140,0,0,8,89,59,20,6,0,0,0,4621,75.85695736853495,Good
campaign_id_120,37904.19,0.0,0.0,1266,0,315.0,613.0,3.0,223.0,202.0,589.0,979.0,212.0,572.0,100.0,0.0,175.0,1.0,39.0,1.0,284.0,62.0,79.0,35.0,0.0,0.0,8.0,11.0,15.0,2.0,1.0,0.0,4.0,20.0,0.0,0.0,0.0,0.0,0.0,0.0,117624.651499,-290548.191791,0,0,0,0,0,0,0,0,0,0,0,0,0,0,0,0,0,13,65,50,78,0,0,0,0,0,0,251,0,0,42,30,8,13,0,0,0,210,110,0,0,0,18,41,29,108,78,0,30,50,0,43,0,31,0,77,16,72,55,88,0,45,11,124,9,23,14,67,0,24,22,0,131,114,65,0,39,128,0,0,0,0,0,7,72,13,0,0,0,0,0,0,86,0,0,332,23,91,0,0,2,40,49,22,7,0,0,0,3173,11.945852505515285,Poor
campaign_id_121,827162.5700000001,187008.0,148686.0,24339,0,4966.0,4511.0,18.0,6017.0,1044.0,6127.0,15814.0,2288.0,5057.0,580.0,125.0,3981.0,1.0,238.0,14.0,719.0,227.0,96.0,145.0,0.0,0.0,75.0,45.0,29.0,12.0,71.0,0.0,2.0,1318.0,2.0,0.0,0.0,0.0,0.0,0.0,341268.497055,-833980.981622,0,0,0,0,0,0,0,0,0,0,0,0,0,0,0,0,0,31,232,123,225,0,0,0,0,0,0,587,0,0,122,82,36,30,0,0,0,676,352,0,0,0,33,190,46,312,172,0,79,167,0,173,0,101,0,156,55,230,185,222,0,113,36,404,35,63,63,196,0,85,72,0,413,284,168,0,91,330,0,0,0,0,0,33,259,41,0,0,0,0,0,0,262,0,0,825,110,256,0,0,15,155,164,60,29,0,0,0,9230,89.61674647887325,Excellent
campaign_id_122,814413.31,73011.0,36595.0,12577,0,2068.0,2991.0,11.0,968.0,632.0,4468.0,5682.0,758.0,2575.0,341.0,231.0,3940.0,3.0,134.0,25.0,558.0,174.0,118.0,238.0,0.0,3.0,31.0,15.0,124.0,41.0,18.0,6.0,6.0,125.0,1.0,0.0,7.0,0.0,0.0,0.0,318003.300749,-780727.034262,0,0,0,0,0,0,0,0,0,0,0,0,0,0,0,0,0,34,156,105,218,0,0,0,0,0,0,605,0,0,128,51,24,24,0,0,0,456,318,0,0,0,46,157,76,357,194,0,89,146,0,125,0,91,0,180,40,260,171,199,0,115,30,354,28,76,34,149,0,77,72,0,342,272,164,0,110,347,0,0,0,0,0,33,232,36,0,0,0,0,0,0,247,0,0,819,96,223,0,0,22,154,123,61,22,0,0,0,8523,95.55477062067348,Excellent
campaign_id_123,179674.13,19662.0,12103.0,7654,0,225.0,1311.0,4.0,4633.0,127.0,815.0,591.0,126.0,264.0,1569.0,57.0,160.0,2.0,26.0,2.0,82.0,13.0,13.0,10.0,8.0,4.0,3.0,1.0,8.0,2.0,6.0,4.0,0.0,71.0,0.0,1.0,0.0,0.0,0.0,0.0,81082.801468,-199056.342408,0,0,0,0,0,0,0,0,0,0,0,0,0,0,0,0,0,5,30,27,60,0,0,0,0,0,0,152,0,0,48,21,8,7,0,0,0,134,70,0,0,0,12,46,14,77,42,0,20,33,0,30,0,21,0,39,9,71,34,58,0,32,14,82,13,19,12,41,0,19,19,0,89,74,30,0,24,103,0,0,0,0,0,8,42,11,0,0,0,0,0,0,58,0,0,231,23,54,0,0,4,27,43,22,8,0,0,0,2184,82.26837454212455,Excellent
campaign_id_124,113351.13,29560.0,25302.0,3666,0,628.0,333.0,2.0,1585.0,48.0,3077.0,1124.0,59.0,139.0,82.0,192.0,556.0,2.0,8.0,9.0,35.0,29.0,14.0,14.0,3.0,0.0,0.0,2.0,5.0,1.0,2.0,0.0,0.0,42.0,0.0,6.0,0.0,0.0,0.0,0.0,65272.638945,-159764.466836,0,0,0,0,0,0,0,0,0,0,0,0,0,0,0,0,0,4,35,29,51,0,0,0,0,0,0,138,0,0,34,18,7,4,0,0,0,114,62,0,0,0,6,21,4,60,31,0,16,38,0,23,0,43,0,32,3,38,27,39,0,32,7,67,3,15,10,49,0,14,10,0,97,49,34,0,10,84,0,0,0,0,0,5,21,11,0,0,0,0,0,0,52,0,0,185,12,42,0,0,1,29,23,13,5,0,0,0,1761,64.36747870528109,Fair
campaign_id_125,167644.64,16530.0,8488.0,3845,0,721.0,665.0,2.0,237.0,192.0,606.0,3061.0,135.0,282.0,49.0,63.0,164.0,0.0,19.0,15.0,155.0,30.0,31.0,32.0,0.0,0.0,4.0,7.0,11.0,4.0,1.0,6.0,2.0,36.0,1.0,0.0,0.0,0.0,0.0,0.0,65072.009594,-158397.281771,0,0,0,0,0,0,0,0,0,0,0,0,0,0,0,0,0,5,37,28,45,0,0,0,0,0,0,109,0,0,24,13,5,5,0,0,0,86,62,0,0,0,10,22,18,71,41,0,21,36,0,21,0,25,0,35,7,57,38,44,0,26,2,76,4,18,13,21,0,7,12,0,80,56,34,0,23,69,0,0,0,0,0,10,35,11,0,0,0,0,0,0,54,0,0,173,21,48,0,0,8,28,25,14,1,0,0,0,1742,96.23687715269806,Excellent
campaign_id_126,44799.73,15654.0,7033.0,1649,0,357.0,681.0,2.0,185.0,304.0,365.0,1280.0,394.0,229.0,117.0,0.0,208.0,0.0,38.0,0.0,252.0,70.0,33.0,84.0,2.0,0.0,10.0,4.0,4.0,7.0,1.0,0.0,3.0,23.0,1.0,0.0,0.0,0.0,0.0,0.0,86796.917238,-212554.392246,0,0,0,0,0,0,0,0,0,0,0,0,0,0,0,0,0,8,60,29,60,0,0,0,0,0,0,164,0,0,46,20,10,5,0,0,0,171,103,0,0,0,9,42,12,76,48,0,15,34,0,29,0,26,0,40,15,55,39,47,0,35,12,97,6,18,6,63,0,14,19,0,89,71,39,0,20,109,0,0,0,0,0,12,61,7,0,0,0,0,0,0,65,0,0,223,24,67,0,0,7,34,49,24,6,0,0,0,2350,19.06371489361702,Poor
campaign_id_127,48610.93,3553.0,2254.0,1037,0,375.0,131.0,0.0,8.0,92.0,94.0,789.0,26.0,124.0,2.0,5.0,6.0,0.0,14.0,0.0,2.0,0.0,1.0,2.0,0.0,0.0,2.0,0.0,1.0,0.0,0.0,0.0,1.0,0.0,0.0,0.0,0.0,0.0,0.0,0.0,16464.433746,-42105.100406,0,0,0,0,0,0,0,0,0,0,0,0,0,0,0,0,0,1,12,6,10,0,0,0,0,0,0,48,0,0,12,2,1,1,0,0,0,37,23,0,0,0,4,8,5,17,5,0,4,6,0,7,0,2,0,8,3,8,4,8,0,5,2,18,2,2,0,9,0,4,4,0,14,14,3,0,2,9,0,0,0,0,0,4,14,0,0,0,0,0,0,0,24,0,0,48,2,11,0,0,0,10,5,4,0,0,0,0,452,107.54630530973452,Excellent
campaign_id_128,3916111.0,123.0,610691.0,0,0,55523.0,111981.0,12323.0,51672.0,66202.0,78154.0,122166.0,31940.0,71095.0,14034.0,1832.0,32052.0,16885.0,7100.0,334.0,33537.0,5109.0,5222.0,8765.0,10965.0,2452.0,13932.0,1146.0,4795.0,247.0,476.0,748.0,207.0,2813.0,227.0,12.0,15.0,2.0,0.0,0.0,3364695.78488,-8343532.46084,2,2,1,1,0,0,1,2,1,1,2,0,4,1,0,0,1,104,1381,913,1870,1,1,0,1,0,0,10376,1,1,1396,882,608,242,0,1,1,7123,3873,0,2,5,260,538,285,3499,1502,0,562,1114,1,1465,2,1567,0,1632,212,2251,1282,1754,1,727,113,3847,128,415,192,2452,1,414,967,0,6454,2958,1178,13,921,3410,0,0,3,1,0,331,1252,128,0,1,0,0,0,1,2346,0,1,9943,968,2194,0,0,91,1671,1088,288,72,0,1,0,92105,42.51789805113729,Fair
campaign_id_129,21820.0,3272.0,289.0,0,0,472.0,942.0,140.0,344.0,440.0,626.0,906.0,274.0,534.0,116.0,14.0,238.0,105.0,46.0,2.0,180.0,60.0,49.0,61.0,84.0,6.0,134.0,6.0,40.0,2.0,4.0,2.0,0.0,42.0,0.0,0.0,0.0,0.0,0.0,0.0,34920.026278,-84202.274629,0,0,0,0,0,0,0,0,0,0,0,0,0,0,0,0,0,0,16,7,14,0,0,0,0,0,0,74,0,0,8,11,7,4,0,0,0,69,43,0,0,0,4,4,1,31,17,0,6,18,0,24,0,11,0,21,1,35,13,16,0,10,1,29,1,5,3,38,0,5,8,0,69,42,12,0,8,48,0,0,0,0,0,6,15,2,0,0,0,0,0,0,22,0,0,98,5,21,0,0,0,17,20,3,0,0,0,0,950,22.96842105263158,Fair
campaign_id_13,350073.0,48250.0,25341.0,0,0,1694.0,2411.0,1259.0,824.0,3306.0,2085.0,3185.0,868.0,1201.0,273.0,126.0,1305.0,734.0,103.0,64.0,549.0,37.0,140.0,250.0,151.0,37.0,1192.0,8.0,76.0,18.0,16.0,2.0,1.0,4.0,0.0,7.0,1.0,0.0,0.0,0.0,174453.108674,-421168.153518,0,0,0,0,0,0,0,0,0,0,0,0,0,0,0,0,0,5,67,34,102,0,0,0,0,0,0,413,0,0,67,58,26,26,0,0,0,364,207,0,0,0,7,38,14,199,95,0,29,61,0,74,0,93,0,114,10,175,54,65,0,55,10,185,9,13,13,147,0,25,49,0,285,160,56,0,43,217,0,0,0,0,0,21,104,7,0,0,0,0,0,0,127,0,0,407,33,152,0,0,3,82,70,15,5,0,0,0,4707,74.37284894837477,Good
campaign_id_130,23088.0,11.0,5375.0,0,0,549.0,998.0,177.0,773.0,469.0,713.0,1114.0,242.0,632.0,60.0,32.0,313.0,493.0,74.0,2.0,226.0,76.0,34.0,125.0,119.0,10.0,83.0,15.0,63.0,0.0,2.0,0.0,0.0,18.0,4.0,4.0,2.0,0.0,2.0,0.0,27594.993855,-63075.999422,0,0,0,0,0,0,0,0,0,0,0,1,3,0,0,1,2,0,2,2,22,0,0,1,0,1,1,71,0,0,6,4,8,0,1,0,3,55,22,1,0,2,2,1,3,30,1,1,0,0,0,3,1,12,0,7,4,11,4,2,0,0,0,12,2,0,2,48,1,0,7,2,214,8,0,6,13,11,1,0,2,0,1,0,5,0,1,0,1,1,0,0,7,0,0,50,3,21,1,1,1,34,4,0,2,2,0,1,791,29.188369152970925,Fair
campaign_id_131,2592.0,0.0,104.0,0,0,24.0,45.0,8.0,40.0,12.0,42.0,22.0,8.0,12.0,4.0,0.0,20.0,4.0,2.0,0.0,16.0,0.0,0.0,8.0,4.0,2.0,16.0,0.0,0.0,0.0,0.0,0.0,0.0,6.0,0.0,0.0,0.0,0.0,0.0,0.0,1566.501804,-3949.244075,0,0,0,0,0,0,0,0,0,0,0,0,0,0,0,0,0,0,0,0,0,0,0,0,0,0,0,4,0,0,0,0,0,0,0,0,0,5,2,0,0,0,0,0,0,3,0,0,0,2,0,0,0,2,0,1,0,1,0,2,0,1,0,0,0,0,0,0,0,2,0,0,1,2,0,0,1,2,0,0,0,0,0,0,0,1,0,0,0,0,0,0,2,0,0,7,0,0,0,0,1,0,0,0,1,0,0,0,43,60.27906976744186,Fair
campaign_id_134,3307195.55,79083.0,496.0,6415,0,3857.0,6758.0,27.0,2371.0,1980.0,5026.0,9388.0,2046.0,3296.0,1086.0,82.0,2779.0,11.0,424.0,7.0,1794.0,180.0,349.0,628.0,2.0,24.0,69.0,33.0,31.0,13.0,18.0,36.0,26.0,219.0,6.0,0.0,2.0,0.0,0.0,0.0,841836.928576,-2086927.426082,0,0,0,0,0,0,0,0,0,0,0,0,0,0,0,0,0,45,332,177,549,0,0,0,0,0,0,2348,0,0,355,225,82,57,0,0,0,1990,761,0,0,0,99,226,182,786,505,0,149,312,0,271,0,330,0,397,79,695,354,360,0,176,79,845,45,125,76,667,0,121,264,0,1247,796,245,0,284,808,0,0,0,0,0,76,398,65,0,0,0,0,0,0,565,0,0,2311,241,594,0,0,26,492,298,107,40,0,0,0,22732,145.48634304064754,Excellent
campaign_id_135,2471800.12,59724.0,388.0,6345,0,2765.0,5394.0,18.0,2327.0,1545.0,3715.0,6919.0,1496.0,2732.0,815.0,50.0,2259.0,11.0,231.0,9.0,1895.0,168.0,263.0,296.0,4.0,21.0,72.0,30.0,24.0,5.0,12.0,29.0,25.0,192.0,6.0,0.0,0.0,0.0,0.0,0.0,678796.28625,-1705114.613638,0,0,0,0,0,0,0,0,0,0,0,0,0,0,0,0,0,44,238,140,493,0,0,0,0,0,0,2019,0,0,344,169,69,52,0,0,0,1516,641,0,0,0,99,185,135,660,407,0,138,236,0,203,0,255,0,273,52,541,295,290,0,113,49,569,32,113,50,503,0,124,227,0,855,580,209,0,275,577,0,0,0,0,0,54,354,47,0,0,0,0,0,0,453,0,0,1955,272,466,0,0,26,507,268,81,18,0,0,0,18322,134.90885929483682,Excellent
campaign_id_136,110798.25,0.0,0.0,211,0,142.0,221.0,0.0,119.0,70.0,198.0,427.0,81.0,176.0,35.0,0.0,124.0,0.0,11.0,1.0,105.0,8.0,6.0,17.0,0.0,0.0,5.0,3.0,2.0,1.0,0.0,0.0,0.0,7.0,2.0,0.0,0.0,0.0,0.0,0.0,32377.4958,-80140.719403,0,0,0,0,0,0,0,0,0,0,0,0,0,0,0,0,0,0,9,3,17,0,0,0,0,0,0,73,0,0,17,6,4,2,0,0,0,96,27,0,0,0,6,8,8,30,14,0,10,10,0,8,0,12,0,25,2,31,11,17,0,6,5,46,1,7,3,20,0,4,10,0,45,29,5,0,8,40,0,0,0,0,0,4,16,4,0,0,0,0,0,0,18,0,0,105,8,29,0,0,1,7,13,1,2,0,0,0,884,125.33738687782805,Excellent
campaign_id_137,104168.59,2549.0,7.0,180,0,91.0,258.0,0.0,109.0,63.0,400.0,324.0,25.0,61.0,35.0,39.0,43.0,0.0,10.0,16.0,33.0,3.0,2.0,5.0,0.0,1.0,2.0,0.0,1.0,0.0,0.0,1.0,0.0,3.0,1.0,0.0,0.0,0.0,0.0,0.0,21493.509194,-52878.820825,0,0,0,0,0,0,0,0,0,0,0,0,0,0,0,0,0,2,7,8,17,0,0,0,0,0,0,54,0,0,8,4,5,2,0,0,0,44,25,0,0,0,6,8,7,15,14,0,3,5,0,3,0,7,0,8,3,24,8,9,0,9,3,26,4,6,0,16,0,3,5,0,36,16,4,0,3,26,0,0,0,0,0,3,14,1,0,0,0,0,0,0,15,0,0,45,8,12,0,0,1,15,7,3,0,0,0,0,578,180.2224740484429,Excellent
campaign_id_14,147748.0,9436.0,261.0,0,0,584.0,1160.0,525.0,378.0,607.0,524.0,1141.0,263.0,575.0,89.0,38.0,320.0,177.0,61.0,14.0,311.0,34.0,119.0,87.0,56.0,11.0,73.0,3.0,31.0,2.0,3.0,4.0,2.0,10.0,0.0,0.0,0.0,0.0,0.0,0.0,74398.785585,-181738.670978,0,0,0,0,0,0,0,0,0,0,0,0,0,0,0,0,0,4,35,19,40,0,0,0,0,0,0,199,0,0,34,25,8,8,0,0,0,138,83,0,0,0,2,18,6,101,34,0,17,20,0,35,0,32,0,45,3,58,31,30,0,16,3,75,3,12,1,77,0,9,31,0,127,67,30,0,26,72,0,0,0,0,0,10,40,2,0,0,0,0,0,0,53,0,0,187,9,52,0,0,3,40,17,8,0,0,0,0,1997,73.9849774661993,Good
campaign_id_15,4145.0,182.0,5.0,0,0,21.0,30.0,14.0,19.0,55.0,40.0,21.0,7.0,7.0,1.0,5.0,5.0,6.0,1.0,0.0,5.0,4.0,2.0,2.0,4.0,3.0,0.0,0.0,0.0,0.0,0.0,1.0,0.0,0.0,0.0,0.0,0.0,0.0,0.0,0.0,2232.277232,-5239.020402,0,0,0,0,0,0,0,0,0,0,0,0,0,0,0,0,0,0,0,0,0,0,0,0,0,0,0,4,0,0,2,0,0,0,0,0,0,7,3,0,0,0,0,1,0,3,0,0,0,0,0,1,0,1,0,1,2,2,1,0,0,0,0,4,0,1,0,4,0,2,1,0,6,1,0,0,0,3,0,0,0,0,0,1,1,0,0,0,0,0,0,0,0,0,0,6,0,2,0,0,0,0,0,0,0,0,0,0,60,69.08333333333333,Fair
campaign_id_16,540746.0,35132.0,3075.0,0,0,2087.0,2993.0,1755.0,1258.0,2057.0,1982.0,4143.0,1349.0,3003.0,372.0,166.0,1387.0,484.0,163.0,49.0,628.0,93.0,285.0,400.0,128.0,49.0,160.0,14.0,122.0,47.0,27.0,15.0,9.0,6.0,1.0,0.0,1.0,0.0,0.0,0.0,268454.088402,-654804.89657,0,0,0,0,0,0,0,0,0,0,0,0,0,0,0,0,0,12,110,49,174,0,0,0,0,0,0,653,0,0,105,92,28,25,0,0,0,613,324,0,0,0,22,54,36,296,182,0,64,103,0,122,0,109,0,159,25,220,104,122,0,81,18,284,11,38,30,214,0,38,89,0,389,250,72,0,58,328,0,0,0,0,0,38,167,10,0,0,0,0,0,0,165,0,0,632,44,197,0,0,11,132,92,33,8,0,0,0,7241,74.67835934263223,Good
campaign_id_17,368861.0,29163.0,7415.0,0,0,1578.0,3474.0,1353.0,957.0,1615.0,2106.0,2201.0,852.0,1317.0,312.0,253.0,1075.0,566.0,206.0,43.0,827.0,58.0,202.0,283.0,165.0,38.0,206.0,19.0,93.0,24.0,22.0,3.0,4.0,23.0,2.0,0.0,2.0,0.0,0.0,0.0,183756.102905,-444988.905249,0,0,0,0,0,0,0,0,0,0,0,0,0,0,0,0,0,13,78,46,106,0,0,0,0,0,0,441,0,0,64,47,26,26,0,0,0,375,260,0,0,0,3,32,16,213,96,0,27,64,0,88,0,85,0,128,9,170,57,78,0,68,6,225,7,19,17,134,0,30,43,0,298,180,64,0,32,230,0,0,0,0,0,17,113,12,0,0,0,0,0,0,137,0,0,427,36,153,0,0,5,78,51,23,4,0,0,0,4968,74.24738325281804,Good
campaign_id_18,164790.0,58626.0,47794.0,0,0,624.0,1226.0,1109.0,570.0,608.0,568.0,3216.0,1314.0,1254.0,120.0,99.0,399.0,171.0,65.0,8.0,785.0,18.0,88.0,1127.0,71.0,26.0,99.0,1.0,23.0,4.0,4.0,0.0,0.0,6.0,0.0,0.0,0.0,0.0,0.0,0.0,75784.165647,-184024.786518,0,0,0,0,0,0,0,0,0,0,0,0,0,0,0,0,0,2,32,13,36,0,0,0,0,0,0,197,0,0,26,18,14,8,0,0,0,173,81,0,0,0,4,13,3,84,50,0,14,24,0,48,0,36,0,54,2,55,17,39,0,25,3,87,3,6,6,62,0,7,23,0,142,94,19,0,18,98,0,0,0,0,0,7,34,1,0,0,0,0,0,0,49,0,0,183,14,68,0,0,0,30,23,8,0,0,0,0,2059,80.03399708596406,Excellent
campaign_id_19,851027.0,44060.0,6346.0,0,0,1861.0,6687.0,2276.0,1448.0,10500.0,2145.0,2072.0,850.0,1483.0,447.0,699.0,1710.0,713.0,297.0,79.0,1580.0,77.0,209.0,598.0,182.0,42.0,213.0,22.0,241.0,11.0,49.0,5.0,13.0,51.0,1.0,0.0,0.0,0.0,0.0,0.0,432824.677115,-1045305.142376,0,0,0,0,0,0,0,0,0,0,0,0,0,0,0,0,0,11,148,85,235,0,0,0,0,0,0,1028,0,0,231,144,58,51,0,0,0,952,529,0,0,0,15,76,49,508,218,0,79,127,0,212,0,239,0,260,31,343,171,188,0,121,27,461,17,40,50,351,0,45,123,0,751,396,95,0,114,580,0,0,0,0,0,42,231,28,0,0,0,0,0,0,291,0,0,987,86,336,0,0,15,229,153,45,14,0,0,0,11643,73.09344670617538,Good
campaign_id_2,165828.0,10680.0,156.0,0,0,578.0,1439.0,541.0,398.0,605.0,603.0,1305.0,295.0,902.0,112.0,72.0,348.0,114.0,82.0,10.0,306.0,26.0,84.0,112.0,36.0,7.0,65.0,6.0,18.0,3.0,6.0,1.0,4.0,5.0,0.0,0.0,0.0,0.0,0.0,0.0,81511.162409,-200987.646665,0,0,0,0,0,0,0,0,0,0,0,0,0,0,0,0,0,2,26,5,47,0,0,0,0,0,0,254,0,0,44,22,6,1,0,0,0,157,95,0,0,0,3,14,10,96,51,0,12,34,0,25,0,44,0,36,8,75,42,51,0,19,6,69,5,10,9,56,0,10,25,0,107,81,19,0,32,87,0,0,0,0,0,6,37,5,0,0,0,0,0,0,57,0,0,203,30,40,0,0,3,56,27,9,4,0,0,0,2175,76.24275862068966,Good
campaign_id_20,53776.0,3876.0,165.0,0,0,359.0,573.0,203.0,124.0,255.0,274.0,394.0,80.0,238.0,42.0,16.0,154.0,64.0,34.0,6.0,120.0,14.0,47.0,65.0,20.0,5.0,27.0,0.0,17.0,1.0,0.0,0.0,0.0,1.0,0.0,0.0,0.0,0.0,0.0,0.0,28896.450126,-71612.750513,0,0,0,0,0,0,0,0,0,0,0,0,0,0,0,0,0,2,13,7,12,0,0,0,0,0,0,96,0,0,16,5,1,2,0,0,0,48,19,0,0,0,4,6,9,40,17,0,2,10,0,12,0,11,0,25,2,16,10,14,0,4,3,21,1,5,2,23,0,5,7,0,46,24,16,0,9,27,0,0,0,0,0,4,17,1,0,0,0,0,0,0,22,0,0,69,10,20,0,0,2,19,11,2,0,0,0,0,770,69.83896103896105,Good
campaign_id_21,32530.0,2151.0,17.0,0,0,140.0,305.0,126.0,105.0,130.0,153.0,232.0,55.0,141.0,28.0,2.0,95.0,30.0,7.0,18.0,70.0,11.0,24.0,27.0,7.0,0.0,21.0,1.0,2.0,0.0,0.0,0.0,0.0,0.0,0.0,0.0,0.0,0.0,0.0,0.0,16200.164524,-39857.660367,0,0,0,0,0,0,0,0,0,0,0,0,0,0,0,0,0,0,5,1,10,0,0,0,0,0,0,52,0,0,7,3,1,3,0,0,0,34,24,0,0,0,1,4,1,18,7,0,6,6,0,5,0,7,0,12,1,10,6,6,0,6,2,13,0,1,2,13,0,1,6,0,19,17,6,0,4,20,0,0,0,0,0,1,8,1,0,0,0,0,0,0,11,0,0,33,5,16,0,0,1,8,8,2,1,0,0,0,438,74.26940639269407,Good
campaign_id_22,29295.0,320.0,140.0,0,0,89.0,114.0,54.0,46.0,29.0,92.0,300.0,131.0,124.0,19.0,18.0,31.0,8.0,3.0,1.0,31.0,0.0,10.0,13.0,11.0,1.0,3.0,0.0,2.0,0.0,1.0,0.0,0.0,3.0,0.0,0.0,0.0,0.0,0.0,0.0,12198.8234,-30561.312208,0,0,0,0,0,0,0,0,0,0,0,0,0,0,0,0,0,1,5,3,6,0,0,0,0,0,0,49,0,0,7,7,1,3,0,0,0,28,16,0,0,0,1,1,2,15,9,0,1,4,0,7,0,3,0,7,0,4,3,6,0,2,2,11,0,1,0,5,0,0,2,0,18,13,1,0,1,12,0,0,0,0,0,2,11,0,0,0,0,0,0,0,7,0,0,32,1,11,0,0,0,4,6,1,0,0,0,0,335,87.44776119402985,Excellent
campaign_id_23,7628.0,604.0,0.0,0,0,33.0,60.0,36.0,34.0,31.0,37.0,75.0,12.0,36.0,0.0,26.0,16.0,7.0,1.0,0.0,27.0,2.0,5.0,6.0,0.0,1.0,6.0,0.0,2.0,2.0,0.0,0.0,0.0,1.0,0.0,0.0,0.0,0.0,0.0,0.0,4898.23626,-11560.060787,0,0,0,0,0,0,0,0,0,0,0,0,0,0,0,0,0,0,2,2,3,0,0,0,0,0,0,7,0,0,2,1,0,0,0,0,0,11,3,0,0,0,1,2,0,5,2,0,2,2,0,0,0,1,0,4,2,1,3,2,0,2,1,7,1,1,0,8,0,0,1,0,5,4,3,0,1,7,0,0,0,0,0,0,5,0,0,0,0,0,0,0,3,0,0,6,1,7,0,0,1,2,3,2,1,0,0,0,130,58.676923076923075,Fair
campaign_id_24,53424.0,4232.0,123.0,0,0,313.0,731.0,177.0,110.0,229.0,236.0,365.0,100.0,214.0,47.0,45.0,147.0,73.0,47.0,0.0,173.0,0.0,22.0,42.0,21.0,9.0,14.0,10.0,20.0,1.0,1.0,2.0,0.0,0.0,0.0,0.0,0.0,0.0,0.0,0.0,28044.450625,-67769.959017,0,0,0,0,0,0,0,0,0,0,0,0,0,0,0,0,0,0,9,5,21,0,0,0,0,0,0,76,0,0,16,10,0,4,0,0,0,58,30,0,0,0,1,3,2,34,19,0,3,9,0,16,0,18,0,16,1,16,5,18,0,9,1,24,2,2,2,24,0,4,3,0,48,28,9,0,9,42,0,0,0,0,0,4,14,1,0,0,0,0,0,0,29,0,0,48,3,21,0,0,0,18,11,2,0,0,0,0,748,71.42245989304813,Good
campaign_id_25,8427.0,233.0,0.0,0,0,48.0,68.0,29.0,10.0,30.0,23.0,28.0,8.0,7.0,2.0,2.0,8.0,14.0,9.0,0.0,13.0,0.0,1.0,8.0,0.0,2.0,1.0,0.0,3.0,0.0,0.0,0.0,0.0,0.0,0.0,0.0,0.0,0.0,0.0,0.0,3741.291791,-9253.131453,0,0,0,0,0,0,0,0,0,0,0,0,0,0,0,0,0,0,3,1,1,0,0,0,0,0,0,11,0,0,2,1,1,0,0,0,0,7,3,0,0,0,0,2,1,5,1,0,0,0,0,1,0,0,0,4,1,1,2,1,0,1,0,4,0,1,0,0,0,0,2,0,6,5,1,0,2,6,0,0,0,0,0,0,3,0,0,0,0,0,0,0,0,0,0,11,2,5,0,0,0,2,1,0,0,0,0,0,102,82.61764705882354,Excellent
campaign_id_26,20223.0,1117.0,0.0,0,0,101.0,135.0,76.0,34.0,127.0,137.0,119.0,28.0,68.0,31.0,15.0,22.0,2.0,6.0,0.0,9.0,1.0,0.0,7.0,2.0,3.0,2.0,0.0,0.0,0.0,0.0,0.0,0.0,1.0,0.0,0.0,0.0,0.0,0.0,0.0,10250.787045,-24804.496808,0,0,0,0,0,0,0,0,0,0,0,0,0,0,0,0,0,0,6,1,7,0,0,0,0,0,0,29,0,0,3,2,2,3,0,0,0,16,12,0,0,0,2,2,0,8,5,0,2,2,0,7,0,7,0,8,1,10,5,5,0,1,1,5,0,1,0,7,0,0,4,0,22,9,2,0,1,21,0,0,0,0,0,1,4,0,0,0,0,0,0,0,3,0,0,24,3,10,0,0,0,8,1,1,0,0,0,0,274,73.80656934306569,Good
campaign_id_28,4571.0,287.0,0.0,0,0,18.0,31.0,10.0,5.0,32.0,42.0,21.0,5.0,10.0,8.0,2.0,10.0,0.0,0.0,0.0,1.0,0.0,0.0,3.0,0.0,0.0,2.0,0.0,1.0,0.0,1.0,0.0,0.0,0.0,0.0,0.0,0.0,0.0,0.0,0.0,1771.063649,-4118.783286,0,0,0,0,0,0,0,0,0,0,0,0,0,0,0,0,0,0,0,0,0,0,0,0,0,0,0,3,0,0,1,3,0,0,0,0,0,4,2,0,0,0,0,1,0,1,1,0,0,0,0,0,0,0,0,4,0,0,1,1,0,1,0,2,0,0,0,1,0,0,2,0,4,0,0,0,2,3,0,0,0,0,0,1,0,1,0,0,0,0,0,0,1,0,0,2,1,2,0,0,0,1,0,0,0,0,0,0,46,99.3695652173913,Excellent
campaign_id_30,2285.0,38.0,10.0,0,0,32.0,35.0,10.0,14.0,25.0,23.0,24.0,9.0,19.0,8.0,3.0,5.0,1.0,1.0,0.0,3.0,0.0,3.0,0.0,3.0,0.0,1.0,0.0,1.0,0.0,0.0,0.0,0.0,0.0,0.0,0.0,0.0,0.0,0.0,0.0,1483.115769,-3517.533083,0,0,0,0,0,0,0,0,0,0,0,0,0,0,0,0,0,0,1,0,0,0,0,0,0,0,0,2,0,0,1,2,0,0,0,0,0,5,0,0,0,0,0,0,0,1,0,0,0,0,0,1,0,2,0,1,0,0,0,0,0,0,0,3,0,0,0,3,0,1,0,0,4,2,1,0,0,1,0,0,0,0,0,0,2,0,0,0,0,0,0,0,0,0,0,6,0,2,0,0,0,0,0,0,0,0,0,0,41,55.73170731707317,Fair
campaign_id_34,4091.0,220.0,0.0,0,0,23.0,22.0,22.0,1.0,15.0,22.0,21.0,4.0,31.0,3.0,0.0,3.0,2.0,3.0,0.0,3.0,0.0,1.0,1.0,2.0,0.0,0.0,0.0,0.0,0.0,0.0,0.0,0.0,0.0,0.0,0.0,0.0,0.0,0.0,0.0,1555.994894,-3730.839466,0,0,0,0,0,0,0,0,0,0,0,0,0,0,0,0,0,0,0,0,1,0,0,0,0,0,0,2,0,0,0,1,0,0,0,0,0,4,1,0,0,0,0,0,0,1,1,0,0,0,0,1,0,1,0,1,0,1,0,2,0,0,0,3,0,0,0,2,0,0,1,0,3,1,0,0,0,5,0,0,0,0,0,0,0,0,0,0,0,0,0,0,0,0,0,6,2,1,0,0,0,0,0,0,1,0,0,0,42,97.4047619047619,Excellent
campaign_id_36,116784.0,22.0,22.0,0,0,1501.0,2560.0,349.0,791.0,1392.0,2485.0,4722.0,710.0,1813.0,332.0,27.0,762.0,442.0,75.0,6.0,1247.0,99.0,346.0,306.0,209.0,59.0,302.0,14.0,117.0,3.0,8.0,12.0,8.0,50.0,4.0,0.0,0.0,0.0,0.0,0.0,230847.515573,-569418.133086,0,0,0,0,0,0,0,0,0,0,0,0,0,0,0,0,0,8,96,43,134,0,0,0,0,0,0,677,1,1,90,64,37,17,0,0,0,461,302,0,0,0,15,35,16,246,126,0,34,78,0,101,0,114,0,111,11,151,75,111,0,56,4,259,16,28,23,156,0,21,68,0,434,235,86,0,59,230,0,0,0,0,0,21,95,7,0,0,0,0,0,0,190,0,0,654,76,149,0,0,10,109,85,18,4,0,1,0,6286,18.578428253261215,Poor
campaign_id_37,1348067.0,99.0,81.0,0,0,15286.0,32513.0,3604.0,15778.0,18772.0,19696.0,33231.0,8589.0,20706.0,3766.0,474.0,9481.0,4402.0,2246.0,99.0,9165.0,1403.0,1209.0,2289.0,2677.0,551.0,3784.0,313.0,1311.0,79.0,167.0,225.0,69.0,887.0,61.0,4.0,6.0,1.0,0.0,0.0,2081593.906205,-5162200.657208,1,1,0,2,0,0,0,2,0,0,2,0,1,1,0,0,0,74,849,585,1166,0,1,0,0,0,0,6335,0,0,881,530,344,141,0,0,0,4190,2404,0,0,0,172,363,185,2136,960,0,342,700,1,882,1,956,0,1013,156,1443,823,1205,1,461,81,2424,77,281,131,1440,0,290,630,0,3608,1915,723,9,597,2201,0,1,0,0,0,216,757,85,0,1,2,0,0,0,1489,0,1,5982,671,1364,0,0,59,1068,692,181,55,0,0,0,56799,23.733991795630203,Fair
campaign_id_38,145338.0,32.0,31.0,0,0,4154.0,8608.0,710.0,3280.0,4852.0,5875.0,9551.0,2078.0,5566.0,848.0,142.0,2239.0,1879.0,531.0,18.0,2457.0,537.0,356.0,678.0,860.0,109.0,828.0,80.0,288.0,15.0,23.0,19.0,9.0,153.0,25.0,1.0,1.0,0.0,0.0,0.0,721575.49878,-1789594.03913,1,0,1,0,1,1,0,0,0,1,0,0,2,0,0,0,0,18,267,155,382,0,0,0,1,0,0,2312,0,0,278,209,175,56,0,0,0,1775,822,0,2,4,45,85,36,766,299,0,118,216,0,336,2,351,0,363,29,398,268,277,0,135,13,785,22,78,27,643,0,77,177,0,1762,488,259,2,165,670,0,0,3,1,0,71,255,20,0,0,0,0,0,0,443,0,0,2334,153,459,0,0,14,349,200,60,12,0,0,0,19950,7.285112781954887,Poor
campaign_id_39,69396.0,1.0,1.0,0,0,1182.0,2660.0,248.0,1322.0,2069.0,1789.0,3199.0,794.0,1716.0,342.0,42.0,960.0,581.0,181.0,26.0,789.0,208.0,106.0,239.0,324.0,58.0,546.0,52.0,96.0,18.0,23.0,19.0,2.0,171.0,4.0,1.0,0.0,0.0,0.0,0.0,192271.871657,-477618.079843,0,0,0,0,0,0,1,0,1,0,0,0,0,0,0,0,0,4,92,73,122,0,0,0,0,0,0,580,0,0,90,47,26,10,0,0,0,383,198,0,0,2,19,29,39,199,75,0,35,75,1,94,0,80,0,81,12,157,67,102,0,57,5,232,7,12,10,114,0,15,56,0,361,191,72,0,55,195,0,0,0,0,0,17,102,5,0,0,0,0,0,0,136,0,0,541,45,118,0,0,2,83,69,15,4,0,0,0,5263,13.185635569067072,Poor
campaign_id_4,118922.0,2144.0,569.0,0,0,656.0,1088.0,524.0,407.0,834.0,630.0,1068.0,406.0,517.0,144.0,199.0,435.0,315.0,39.0,22.0,190.0,29.0,52.0,126.0,83.0,10.0,149.0,4.0,29.0,4.0,11.0,3.0,0.0,2.0,0.0,1.0,0.0,0.0,0.0,0.0,77007.518706,-185809.497187,0,0,0,0,0,0,0,0,0,0,0,0,0,0,0,0,0,2,26,18,33,0,0,0,0,0,0,176,0,0,34,16,9,14,0,0,0,174,75,0,0,0,5,13,5,115,42,0,14,26,0,34,0,34,0,41,11,68,30,39,0,28,1,81,4,9,5,71,0,9,19,0,129,72,20,0,24,101,0,0,0,0,0,5,47,4,0,0,0,0,0,0,46,0,0,175,13,59,0,0,1,45,30,9,3,0,0,0,2072,57.39478764478765,Fair
campaign_id_40,7765.0,0.0,0.0,0,0,156.0,735.0,23.0,150.0,264.0,414.0,970.0,152.0,505.0,96.0,9.0,103.0,46.0,22.0,2.0,196.0,40.0,28.0,57.0,35.0,12.0,40.0,0.0,13.0,3.0,0.0,0.0,1.0,8.0,1.0,0.0,0.0,0.0,0.0,0.0,58723.372078,-145396.292492,0,0,0,0,0,0,0,0,0,0,0,0,0,0,0,0,0,3,20,23,21,0,0,0,0,0,0,188,0,0,20,14,12,5,0,0,0,101,70,0,0,0,10,13,5,58,27,0,9,24,0,26,0,25,0,27,5,44,24,27,0,10,3,70,2,3,3,41,0,2,15,0,106,66,26,0,16,73,0,0,0,0,0,6,20,4,0,0,0,0,0,0,43,0,0,188,9,44,0,0,2,21,15,2,1,0,0,0,1599,4.856160100062539,Poor
campaign_id_41,2817.0,584.0,0.0,0,0,65.0,91.0,8.0,41.0,42.0,77.0,73.0,20.0,55.0,17.0,4.0,17.0,9.0,8.0,0.0,18.0,5.0,0.0,3.0,17.0,1.0,10.0,0.0,3.0,0.0,1.0,1.0,0.0,1.0,0.0,0.0,0.0,0.0,0.0,0.0,5690.420375,-13629.865673,0,0,0,0,0,0,0,0,0,0,0,0,0,0,0,0,0,0,2,0,3,0,0,0,0,0,0,15,0,0,0,1,3,0,0,0,0,10,7,0,0,0,0,0,0,4,1,0,0,3,0,3,0,2,0,3,0,8,1,2,0,1,0,3,1,0,1,7,0,2,1,0,10,7,2,0,1,15,0,0,0,0,0,1,3,0,0,0,0,0,0,0,4,0,0,18,0,4,0,0,0,3,2,1,0,0,0,0,155,18.174193548387098,Poor
campaign_id_42,3532.0,0.0,0.0,0,0,36.0,84.0,11.0,80.0,41.0,39.0,59.0,17.0,36.0,0.0,2.0,31.0,21.0,3.0,0.0,9.0,0.0,4.0,2.0,8.0,2.0,1.0,1.0,6.0,0.0,0.0,0.0,0.0,1.0,0.0,0.0,0.0,0.0,0.0,0.0,4029.990481,-9374.607944,0,0,0,0,0,0,0,0,0,0,0,0,0,0,0,0,1,0,0,0,7,0,0,0,0,0,0,9,0,0,0,0,0,0,0,0,0,4,0,0,0,0,1,0,1,2,0,0,0,0,0,0,0,1,0,2,2,4,0,0,0,0,0,2,0,0,0,5,1,0,2,0,29,2,0,4,3,1,0,0,1,0,0,0,2,0,0,0,0,0,0,0,4,0,0,5,1,1,0,0,0,10,1,0,0,0,0,0,111,31.81981981981982,Fair
campaign_id_43,7425.0,3.0,0.0,0,0,391.0,764.0,123.0,530.0,678.0,507.0,672.0,256.0,390.0,115.0,17.0,356.0,201.0,90.0,6.0,200.0,67.0,49.0,79.0,133.0,16.0,157.0,18.0,41.0,5.0,11.0,11.0,2.0,54.0,2.0,0.0,0.0,0.0,0.0,0.0,41208.037491,-103183.033276,0,0,0,0,0,0,0,0,0,0,0,0,0,0,0,0,0,1,29,21,17,0,0,0,0,0,0,156,0,0,22,15,9,3,0,0,0,83,35,0,0,0,1,3,4,45,8,0,8,9,0,19,0,27,1,9,2,26,10,15,0,11,0,43,0,6,0,40,0,7,8,0,95,23,6,0,8,32,0,0,0,0,0,5,17,1,0,0,0,0,0,0,19,0,0,145,6,27,0,0,1,27,14,5,0,0,0,0,1133,6.553398058252427,Poor
campaign_id_44,6213.0,0.0,0.0,0,0,72.0,167.0,15.0,65.0,87.0,110.0,219.0,75.0,77.0,22.0,3.0,50.0,25.0,6.0,1.0,59.0,3.0,5.0,30.0,13.0,6.0,10.0,5.0,3.0,1.0,1.0,1.0,0.0,1.0,0.0,0.0,0.0,0.0,0.0,0.0,9522.282043,-24675.343208,0,0,0,0,0,0,0,0,0,0,0,0,0,0,0,0,0,0,1,4,9,0,0,0,0,0,0,40,0,0,1,2,0,2,0,0,0,61,11,0,0,0,1,2,0,9,2,0,1,2,0,3,0,3,0,0,0,5,4,2,0,3,3,3,1,2,0,4,0,0,3,0,21,6,2,0,2,4,0,0,0,0,0,1,3,1,0,0,0,0,0,0,2,0,0,21,0,8,0,0,0,6,3,2,0,0,0,0,281,22.110320284697508,Fair
campaign_id_45,589.0,543.0,13.0,0,0,28.0,70.0,8.0,10.0,19.0,61.0,95.0,31.0,38.0,16.0,0.0,21.0,9.0,0.0,0.0,10.0,7.0,4.0,9.0,3.0,1.0,5.0,0.0,0.0,0.0,0.0,0.0,0.0,1.0,0.0,0.0,0.0,0.0,0.0,0.0,5948.473039,-13917.544885,0,0,0,0,0,0,0,0,0,0,0,0,0,0,0,0,0,0,2,3,3,0,0,0,0,0,0,3,0,0,2,0,0,0,0,0,0,11,7,0,0,0,1,0,0,4,4,0,1,5,0,3,0,5,0,7,0,10,0,5,0,3,0,5,0,1,0,10,0,0,2,0,12,6,2,0,1,9,0,0,0,0,0,0,5,0,0,0,0,0,0,0,1,0,0,18,1,5,0,0,0,0,3,0,0,0,0,0,162,3.6358024691358026,Poor
campaign_id_47,197.0,0.0,0.0,0,0,18.0,42.0,5.0,17.0,4.0,39.0,53.0,6.0,30.0,1.0,2.0,9.0,14.0,14.0,0.0,8.0,6.0,0.0,2.0,4.0,0.0,3.0,1.0,4.0,0.0,0.0,0.0,0.0,2.0,0.0,0.0,0.0,0.0,0.0,0.0,2533.509672,-6210.468441,0,0,0,0,0,0,0,0,0,0,0,0,1,0,1,0,0,0,1,0,4,0,0,0,0,0,0,10,0,0,0,0,0,0,0,0,1,6,4,0,0,0,1,0,0,3,0,0,0,0,0,0,0,2,0,0,0,0,0,0,0,0,0,0,0,0,0,7,0,0,1,0,14,0,0,1,3,1,0,0,0,0,0,0,0,0,0,0,0,1,0,0,0,0,0,4,0,3,0,0,0,2,1,0,0,0,0,0,81,2.432098765432099,Poor
campaign_id_48,705.0,0.0,0.0,0,0,43.0,42.0,5.0,22.0,28.0,33.0,37.0,19.0,34.0,2.0,2.0,10.0,18.0,1.0,0.0,9.0,7.0,0.0,1.0,2.0,2.0,1.0,1.0,2.0,0.0,1.0,0.0,0.0,1.0,0.0,0.0,0.0,0.0,1.0,0.0,2607.09488,-5746.704677,0,0,0,0,0,0,0,0,0,0,0,0,0,0,0,0,0,0,0,2,1,0,0,0,0,0,0,8,0,0,0,1,1,0,0,0,0,5,3,0,0,2,0,0,0,6,0,0,0,0,0,0,0,2,0,1,0,1,0,1,0,0,0,1,0,0,0,4,0,0,1,1,25,1,0,0,0,0,0,0,0,0,0,0,0,0,0,0,0,0,0,0,0,0,0,3,0,1,0,0,0,0,0,0,0,0,0,0,73,9.657534246575343,Poor
campaign_id_5,855063.0,52799.0,6656.0,0,0,3196.0,4441.0,2555.0,2907.0,2974.0,2838.0,5918.0,2068.0,7149.0,573.0,315.0,2182.0,765.0,175.0,130.0,912.0,108.0,360.0,618.0,178.0,46.0,192.0,19.0,205.0,28.0,56.0,15.0,22.0,12.0,3.0,0.0,1.0,0.0,0.0,0.0,461616.971893,-1126936.552381,0,0,0,0,0,0,0,0,0,0,0,0,0,0,0,0,0,19,201,85,304,0,0,0,0,0,0,1147,0,0,191,162,53,62,0,0,0,983,503,0,0,0,24,120,59,477,287,0,102,178,0,205,0,202,0,274,26,390,154,222,0,117,24,518,27,62,31,373,0,74,128,0,752,384,150,0,129,499,0,0,0,0,0,49,278,20,0,0,0,0,0,0,296,0,0,1152,88,355,0,0,19,244,155,55,14,0,0,0,12455,68.65218787635487,Fair
campaign_id_50,4368.0,687.0,15.0,0,0,46.0,116.0,12.0,36.0,46.0,61.0,84.0,24.0,51.0,13.0,0.0,21.0,9.0,8.0,1.0,19.0,1.0,2.0,7.0,6.0,0.0,21.0,0.0,6.0,1.0,1.0,0.0,0.0,4.0,0.0,0.0,0.0,0.0,0.0,0.0,6650.667286,-15735.227004,0,0,0,0,0,0,0,0,0,0,0,0,0,0,0,0,0,0,4,2,2,0,0,0,0,0,0,12,0,0,0,4,2,0,0,0,0,14,12,0,0,0,1,3,0,9,3,0,2,3,0,4,0,1,0,4,0,5,5,4,0,2,0,8,0,2,1,5,0,0,0,0,14,9,1,0,2,7,0,0,0,0,0,0,3,0,0,0,0,0,0,0,7,0,0,10,0,3,0,0,0,4,4,1,0,0,0,0,179,24.40223463687151,Fair
campaign_id_53,799.0,0.0,0.0,0,0,15.0,23.0,8.0,12.0,11.0,30.0,29.0,4.0,22.0,2.0,0.0,8.0,63.0,0.0,0.0,3.0,0.0,4.0,0.0,8.0,0.0,0.0,0.0,1.0,0.0,0.0,0.0,0.0,0.0,0.0,0.0,0.0,0.0,0.0,0.0,2394.023409,-5056.088431,0,0,0,0,0,0,0,0,0,0,0,0,0,0,0,0,0,0,0,0,1,0,0,0,0,0,0,2,0,0,1,0,0,0,0,0,0,3,2,1,0,0,0,0,0,1,0,0,0,0,0,0,0,0,0,0,0,3,1,0,0,0,0,0,0,0,0,3,0,0,0,0,29,0,0,0,2,0,0,0,0,0,0,0,0,0,1,0,0,0,1,0,0,1,0,6,0,5,0,1,0,1,0,0,0,1,0,0,70,11.414285714285715,Poor
campaign_id_55,53.0,0.0,0.0,0,0,19.0,31.0,6.0,17.0,19.0,22.0,33.0,6.0,20.0,4.0,0.0,18.0,7.0,4.0,0.0,8.0,2.0,0.0,4.0,3.0,0.0,1.0,0.0,0.0,0.0,0.0,0.0,0.0,0.0,0.0,0.0,0.0,0.0,0.0,0.0,2106.600609,-4810.320985,0,0,0,0,0,0,0,0,0,0,0,0,0,0,0,1,0,0,0,0,0,0,0,0,0,0,0,4,0,0,0,0,1,0,0,0,1,10,3,0,0,0,0,1,0,3,0,0,0,0,0,1,2,0,0,2,0,0,1,0,0,0,0,1,1,0,0,4,0,0,0,0,14,1,0,0,1,2,0,0,0,0,0,0,0,0,0,0,0,0,0,0,0,0,0,3,1,2,0,0,0,0,0,0,1,1,0,0,64,0.828125,Poor
campaign_id_56,1316.0,158.0,0.0,0,0,12.0,29.0,8.0,8.0,11.0,18.0,19.0,7.0,11.0,0.0,1.0,7.0,3.0,0.0,0.0,6.0,0.0,3.0,2.0,0.0,0.0,0.0,1.0,2.0,0.0,0.0,0.0,0.0,9.0,0.0,0.0,0.0,0.0,0.0,0.0,2297.216484,-5469.547381,0,0,0,0,0,0,0,0,0,0,0,0,0,0,0,0,0,0,2,0,0,0,0,0,0,0,0,3,0,0,3,1,0,0,0,0,0,10,3,0,0,0,0,0,0,2,1,0,0,0,0,0,0,2,0,1,0,2,1,0,0,0,1,4,0,0,0,2,0,1,0,0,6,3,1,0,0,3,0,0,0,0,0,0,0,0,0,0,0,0,0,0,1,0,0,6,0,0,0,0,0,2,1,0,0,0,0,0,62,21.225806451612904,Poor
campaign_id_57,2223.0,0.0,0.0,0,0,13.0,64.0,4.0,28.0,22.0,45.0,41.0,12.0,18.0,14.0,0.0,23.0,6.0,3.0,0.0,24.0,0.0,3.0,9.0,9.0,0.0,2.0,0.0,0.0,0.0,1.0,0.0,0.0,1.0,0.0,0.0,0.0,0.0,0.0,0.0,3464.770823,-8449.346921,0,0,0,0,0,0,0,0,0,0,0,0,0,0,0,0,0,0,4,0,1,0,0,0,0,0,0,9,0,0,0,0,2,0,0,0,0,7,7,0,0,0,0,0,0,2,0,0,3,1,0,1,0,0,0,1,0,2,0,3,0,0,0,1,0,1,0,4,0,0,2,0,10,6,0,0,1,6,0,0,0,0,0,0,2,0,0,0,0,0,0,0,9,0,0,9,0,1,0,0,0,1,0,0,0,0,0,0,96,23.15625,Fair
campaign_id_58,388.0,140.0,2.0,0,0,7.0,20.0,2.0,12.0,13.0,13.0,9.0,8.0,22.0,0.0,1.0,3.0,5.0,0.0,0.0,6.0,0.0,4.0,0.0,1.0,0.0,1.0,0.0,0.0,0.0,0.0,0.0,0.0,2.0,0.0,0.0,0.0,0.0,0.0,0.0,1916.706878,-4709.934199,0,0,0,0,0,0,0,0,0,0,0,0,0,0,0,0,0,0,1,0,0,0,0,0,0,0,0,5,0,0,0,1,1,1,0,0,0,5,1,0,0,0,0,0,1,0,2,0,3,1,0,2,0,0,0,1,1,2,0,0,0,1,0,0,0,1,0,2,0,0,0,0,3,2,1,0,0,0,0,0,0,0,0,3,1,0,0,0,0,0,0,0,1,0,0,8,0,0,0,0,0,1,1,0,0,0,0,0,54,7.185185185185185,Poor
campaign_id_6,1146891.0,87843.0,12819.0,0,0,4327.0,9716.0,3652.0,2616.0,4130.0,5212.0,10466.0,2491.0,4216.0,784.0,443.0,3322.0,1396.0,284.0,252.0,2273.0,207.0,651.0,909.0,559.0,131.0,304.0,13.0,178.0,35.0,37.0,20.0,24.0,136.0,15.0,8.0,0.0,0.0,0.0,0.0,599956.536169,-1463305.478464,0,0,0,0,0,0,0,0,0,0,0,0,0,0,0,0,0,22,230,105,373,0,0,0,0,0,0,1496,0,0,243,170,63,56,0,0,0,1312,718,0,0,0,31,137,70,631,358,0,114,207,0,244,0,281,0,393,47,519,242,291,0,178,25,635,38,79,49,485,0,85,157,0,885,574,201,0,153,714,0,0,0,0,0,64,345,32,0,0,0,0,0,0,400,0,0,1502,125,480,0,0,13,296,194,67,21,0,0,0,16181,70.87887027995798,Good
campaign_id_60,944.0,213.0,0.0,0,0,19.0,27.0,4.0,16.0,9.0,15.0,18.0,7.0,18.0,2.0,1.0,15.0,3.0,3.0,0.0,8.0,5.0,0.0,1.0,3.0,1.0,0.0,0.0,4.0,0.0,0.0,0.0,0.0,1.0,0.0,0.0,0.0,0.0,0.0,0.0,1590.588407,-3772.458003,0,0,0,0,0,0,0,0,0,0,0,0,0,0,0,0,0,0,2,0,0,0,0,0,0,0,0,2,0,0,0,1,0,0,0,0,0,3,1,0,0,0,0,0,0,1,0,0,1,1,0,2,0,0,0,2,0,1,0,0,0,0,0,1,0,1,0,2,0,0,0,0,3,6,1,0,0,2,0,0,0,0,0,1,0,0,0,0,0,0,0,0,1,0,0,6,1,0,0,0,0,0,1,0,0,0,0,0,44,21.454545454545453,Poor
campaign_id_64,3464.0,0.0,0.0,0,0,31.0,65.0,9.0,64.0,41.0,29.0,62.0,13.0,34.0,5.0,0.0,14.0,28.0,1.0,0.0,21.0,7.0,1.0,3.0,7.0,1.0,10.0,0.0,3.0,0.0,0.0,0.0,0.0,0.0,0.0,1.0,0.0,0.0,0.0,0.0,4536.532006,-10158.225124,0,0,0,0,0,0,0,0,0,0,0,0,0,0,0,0,0,0,0,0,4,1,0,0,0,0,0,9,0,0,1,1,2,0,1,0,1,7,3,0,0,0,0,0,1,3,0,0,0,0,0,1,0,3,0,0,2,1,2,0,0,0,0,3,0,0,2,8,0,0,1,0,35,0,0,1,4,1,1,0,0,0,0,0,2,0,0,0,0,0,0,0,0,0,0,6,0,0,0,0,1,11,1,0,0,0,0,0,127,27.275590551181104,Fair
campaign_id_66,18.0,117.0,7.0,0,0,13.0,19.0,3.0,8.0,1.0,6.0,19.0,6.0,14.0,5.0,0.0,3.0,2.0,0.0,0.0,3.0,2.0,1.0,0.0,2.0,0.0,1.0,0.0,0.0,0.0,0.0,0.0,0.0,0.0,0.0,0.0,0.0,0.0,0.0,0.0,1467.409139,-3862.900621,0,0,0,0,0,0,0,0,0,0,0,0,0,0,0,0,0,0,0,0,1,0,0,0,0,0,0,3,0,0,2,0,0,1,0,0,0,1,2,0,0,0,1,0,0,0,0,0,0,0,0,2,0,0,0,1,0,0,1,0,0,0,0,0,0,0,0,1,0,1,2,0,3,2,1,0,1,0,0,0,0,0,0,0,0,0,0,0,0,0,0,0,1,0,0,7,1,2,0,0,0,0,3,0,0,0,0,0,41,0.43902439024390244,Poor
campaign_id_7,149935.0,5598.0,1448.0,0,0,849.0,1445.0,618.0,452.0,771.0,705.0,1341.0,381.0,688.0,133.0,117.0,393.0,212.0,70.0,9.0,272.0,22.0,124.0,95.0,96.0,20.0,125.0,0.0,51.0,3.0,12.0,6.0,0.0,7.0,3.0,7.0,0.0,0.0,0.0,0.0,77153.874342,-188765.581611,0,0,0,0,0,0,0,0,0,0,0,0,0,0,0,0,0,2,45,14,49,0,0,0,0,0,0,201,0,0,28,24,12,4,0,0,0,171,91,0,0,0,4,9,5,80,37,0,10,17,0,46,0,32,0,52,3,53,26,36,0,26,3,104,4,6,5,52,0,12,27,0,144,80,22,0,17,91,0,0,0,0,0,9,49,4,0,0,0,0,0,0,61,0,0,196,6,68,0,0,1,26,27,7,0,0,0,0,2106,71.19420702754036,Good
campaign_id_74,38.0,1.0,1.0,0,0,11.0,12.0,2.0,8.0,1.0,12.0,33.0,4.0,13.0,1.0,0.0,7.0,4.0,5.0,0.0,4.0,2.0,0.0,1.0,3.0,0.0,7.0,0.0,0.0,0.0,0.0,0.0,0.0,1.0,0.0,0.0,1.0,0.0,0.0,0.0,1744.999955,-4035.517155,0,0,0,0,0,0,0,0,0,0,0,0,1,0,0,0,0,0,0,0,0,0,0,0,0,0,0,9,0,0,2,1,0,0,0,0,0,3,3,0,0,1,0,0,0,1,0,1,0,0,0,0,0,2,0,1,0,0,0,0,0,0,0,0,0,0,0,1,0,0,0,0,14,1,0,0,0,1,0,0,0,0,0,0,0,0,0,0,0,0,0,0,0,0,0,3,0,1,0,0,0,1,1,0,0,0,0,0,50,0.76,Poor
campaign_id_76,1545.0,122.0,0.0,0,0,6.0,18.0,10.0,9.0,4.0,3.0,20.0,6.0,7.0,0.0,0.0,4.0,1.0,0.0,0.0,6.0,0.0,2.0,3.0,0.0,0.0,5.0,1.0,1.0,0.0,0.0,0.0,0.0,0.0,0.0,0.0,0.0,0.0,0.0,0.0,1579.901293,-3882.4612779999998,0,0,0,0,0,0,0,0,0,0,0,0,0,0,0,0,0,0,1,0,1,0,0,0,0,0,0,5,0,0,0,1,1,0,0,0,0,2,2,0,0,0,0,0,0,1,3,0,0,2,0,2,0,0,0,0,0,0,0,0,0,2,0,0,0,0,0,2,0,0,0,0,1,0,2,0,1,4,0,0,0,0,0,0,1,0,0,0,0,0,0,0,1,0,0,2,0,1,0,0,0,2,3,0,0,0,0,0,43,35.93023255813954,Fair
campaign_id_8,103113.0,7176.0,658.0,0,0,392.0,746.0,420.0,195.0,702.0,683.0,698.0,147.0,283.0,156.0,131.0,173.0,61.0,14.0,7.0,66.0,11.0,11.0,22.0,42.0,8.0,29.0,11.0,24.0,4.0,7.0,2.0,1.0,0.0,0.0,0.0,0.0,0.0,0.0,0.0,49715.739105,-121841.213838,0,0,0,0,0,0,0,0,0,0,0,0,0,0,0,0,0,1,23,7,32,0,0,0,0,0,0,133,0,0,14,10,5,8,0,0,0,122,55,0,0,0,8,12,4,42,23,0,4,17,0,16,0,17,0,39,3,34,11,18,0,17,2,59,2,2,5,54,0,6,20,0,90,51,12,0,5,72,0,0,0,0,0,5,27,1,0,0,0,0,0,0,40,0,0,129,6,35,0,0,1,25,15,5,5,0,0,0,1354,76.15435745937961,Good
campaign_id_9,181522.0,24562.0,18459.0,0,0,961.0,2141.0,1291.0,488.0,985.0,852.0,2754.0,523.0,1527.0,146.0,102.0,553.0,269.0,77.0,22.0,303.0,33.0,145.0,128.0,118.0,28.0,172.0,11.0,70.0,3.0,5.0,4.0,6.0,3.0,0.0,8.0,1.0,0.0,0.0,0.0,98511.858241,-237410.625063,0,0,0,0,0,0,0,0,0,0,0,0,0,0,0,0,0,4,44,28,48,0,0,0,0,0,0,215,0,0,35,27,12,15,0,0,0,218,122,0,0,0,2,17,10,115,55,0,14,34,0,46,0,55,0,60,1,81,36,51,0,33,1,135,4,12,8,98,0,13,30,0,170,96,21,0,25,122,0,0,0,0,0,4,62,3,0,0,0,0,0,0,64,0,0,226,23,75,0,0,2,41,25,15,2,0,0,0,2670,67.98576779026217,Fair
